numero,alcaldia,nombre mercado,numero oficial,numero de locales,latitud,longitud,coord
21.0,AZCAPOTZALCO,COSMOPOLITA,138,135.0,19.475222914700002,-99.161795999899994,"19.4752229147,-99.1617959999"
35.0,AZCAPOTZALCO,VICTORIA DE LAS DEMOCRACIAS,141,177.0,19.467590914700001,-99.163066999899996,"19.4675909147,-99.1630669999"
26.0,AZCAPOTZALCO,OBRERO POPULAR,142,125.0,19.463232914799999,-99.173567999900001,"19.4632329148,-99.1735679999"
19.0,AZCAPOTZALCO,BENITO JUAREZ,167,123.0,19.475725914700000,-99.176802999900005,"19.4757259147,-99.1768029999"
70.0,COYOACAN,SANTA URSULA COAPA (PESCADITOS),154,268.0,19.311773915200000,-99.150336999900006,"19.3117739152,-99.1503369999"
53.0,COYOACAN,AJUSCO MONTSERRAT (LA BOLA),229,233.0,19.323816915199998,-99.157463999900003,"19.3238169152,-99.1574639999"
69.0,COYOACAN,SAN FRANCISCO CULHUACAN,236,235.0,19.336043915099999,-99.123308999900004,"19.3360439151,-99.1233089999"
66.0,COYOACAN,MARGARITA MAZA DE JUAREZ,311,102.0,19.313047915300000,-99.114599999999996,"19.3130479153,-99.1146"
64.0,COYOACAN,HERMOSILLO,368,45.0,19.345992915099998,-99.128428999899995,"19.3459929151,-99.1284289999"
62.0,COYOACAN,EL VERDE,412,176.0,19.314663915200001,-99.103918999900003,"19.3146639152,-99.1039189999"
55.0,COYOACAN,BAZAR DEL ARTESANO MEXICANO,414,550.0,19.350172915100000,-99.163464999900000,"19.3501729151,-99.1634649999"
78.0,CUAJIMALPA,SAN MATEO TLALTENANGO,258,32.0,19.342272915100001,-99.282465999799996,"19.3422729151,-99.2824659998"
76.0,CUAJIMALPA,HUIZACHITO,-378,8.0,19.371298915000001,-99.280590999799998,"19.371298915,-99.2805909998"
146.0,GUSTAVO A. MADERO,RAMON CORONA,45,458.0,19.477101914700000,-99.124491999900002,"19.4771019147,-99.1244919999"
123.0,GUSTAVO A. MADERO,CARRERA LARDIZABAL,50,131.0,19.482522914699999,-99.099710999899997,"19.4825229147,-99.0997109999"
127.0,GUSTAVO A. MADERO,DIEZ DE MAYO,56,390.0,19.456197914699999,-99.104686000000001,"19.4561979147,-99.104686"
133.0,GUSTAVO A. MADERO,GERTRUDIS SANCHEZ,58,215.0,19.464083914700002,-99.101213000000001,"19.4640839147,-99.101213"
162.0,GUSTAVO A. MADERO,TRES ESTRELLAS,171,122.0,19.471113914699998,-99.111077999900004,"19.4711139147,-99.1110779999"
143.0,GUSTAVO A. MADERO,PROGRESO NACIONAL,73,274.0,19.521871914599998,-99.158823999999996,"19.5218719146,-99.158824"
140.0,GUSTAVO A. MADERO,PANAMERICANA,145,430.0,19.477612914700000,-99.145398999899996,"19.4776129147,-99.1453989999"
130.0,GUSTAVO A. MADERO,FERNANDO CASAS ALEMAN,156,222.0,19.452684914799999,-99.097277999900001,"19.4526849148,-99.0972779999"
160.0,GUSTAVO A. MADERO,SANTA MARIA TICOMAN,176,119.0,19.516317914500000,-99.133304999999993,"19.5163179145,-99.133305"
156.0,GUSTAVO A. MADERO,SAN JUAN DE ARAGON UNIDAD 7,204,190.0,19.470170914699999,-99.075449999900002,"19.4701709147,-99.0754499999"
150.0,GUSTAVO A. MADERO,SAN FELIPE DE JESUS,205,269.0,19.493572914600001,-99.076559999899999,"19.4935729146,-99.0765599999"
136.0,GUSTAVO A. MADERO,MA. ESTHER ZUNO DE ECHEVERRIA,330,90.0,19.483267914599999,-99.117125999999999,"19.4832679146,-99.117126"
126.0,GUSTAVO A. MADERO,CUCHILLA DEL TESORO,338,128.0,19.447616914800001,-99.057422999899998,"19.4476169148,-99.0574229999"
135.0,GUSTAVO A. MADERO,LINDAVISTA VALLEJO PATERA,-366,86.0,19.501173914599999,-99.152832000000004,"19.5011739146,-99.152832"
174.0,IZTACALCO,IZTACALCO,38,102.0,19.389657915000001,-99.121647999900006,"19.389657915,-99.1216479999"
179.0,IZTACALCO,MILITAR MARTE,-109,158.0,19.383031915000000,-99.131099999900002,"19.383031915,-99.1310999999"
170.0,IZTACALCO,APATLACO,206,131.0,19.382641915000001,-99.119382000000002,"19.382641915,-99.119382"
173.0,IZTACALCO,EL RODEO,255,68.0,19.391944915000000,-99.085440000000006,"19.391944915,-99.08544"
190.0,IZTAPALAPA,IZTAPALAPA,39,200.0,19.360348915100001,-99.091266999900000,"19.3603489151,-99.0912669999"
195.0,IZTAPALAPA,SAN ANDRES TETEPILCO,120,207.0,19.372410915000000,-99.130107999900005,"19.372410915,-99.1301079999"
194.0,IZTAPALAPA,PROGRESO DEL SUR,129,135.0,19.350494915100001,-99.109334999900000,"19.3504949151,-99.1093349999"
193.0,IZTAPALAPA,LA PURISIMA,213,121.0,19.354566915100001,-99.074371999999997,"19.3545669151,-99.074372"
203.0,IZTAPALAPA,SIFON,223,156.0,19.377550915000000,-99.110734999900004,"19.377550915,-99.1107349999"
192.0,IZTAPALAPA,JUAN DE LA BARRERA,230,174.0,19.392195914900000,-99.044098000000005,"19.3921959149,-99.044098"
196.0,IZTAPALAPA,SAN JOSE ACULCO,246,121.0,19.374914915000002,-99.102704999899998,"19.374914915,-99.1027049999"
208.0,MAGDALENA CONTRERAS,TIHUATLAN,261,38.0,19.318091915200000,-99.225465999899995,"19.3180919152,-99.2254659999"
234.0,MILPA ALTA,SAN PEDRO ATOCPAN,182,20.0,19.201478915500001,-99.050293999999994,"19.2014789155,-99.050294"
235.0,MILPA ALTA,SAN SALVADOR CUAUHTENCO (DOCE DE OCTUBRE,244,23.0,19.192184915599999,-99.089509999900002,"19.1921849156,-99.0895099999"
233.0,MILPA ALTA,SAN PABLO OZTOTEPEC,323,74.0,19.184792915599999,-99.071421000000001,"19.1847929156,-99.071421"
236.0,MILPA ALTA,SANTA ANA TLACOTENCO,382,19.0,19.176108915699999,-98.998250999999996,"19.1761089157,-98.998251"
237.0,MILPA ALTA,VILLA MILPA ALTA (MERCADO ANTOJITOS),394,23.0,19.191855915600001,-99.021337000000003,"19.1918559156,-99.021337"
230.0,MILPA ALTA,BENITO JUAREZ  (ANEXO),395,207.0,19.192161915600000,-99.021320000000003,"19.1921619156,-99.02132"
15.0,ALVARO OBREGON,SEIS DE ENERO DE 1915,48,116.0,19.372219914999999,-99.199785999900001,"19.372219915,-99.1997859999"
16.0,ALVARO OBREGON,TIZAPAN,67,128.0,19.341359915100000,-99.197830999900006,"19.3413599151,-99.1978309999"
5.0,ALVARO OBREGON,JOSE MARIA PINO SUAREZ,82,200.0,19.397580914999999,-99.198025999899997,"19.397580915,-99.1980259999"
8.0,ALVARO OBREGON,MELCHOR MUZQUIZ (FLORES),133,34.0,19.347189915100000,-99.190052999900004,"19.3471899151,-99.1900529999"
10.0,ALVARO OBREGON,OLIVAR DEL CONDE,181,188.0,19.372019914999999,-99.214036999900003,"19.372019915,-99.2140369999"
2.0,ALVARO OBREGON,CORPUS CRISTY,279,87.0,19.361295914999999,-99.248678999800006,"19.361295915,-99.2486789998"
1.0,ALVARO OBREGON,CENTENARIO,407,86.0,19.360609915000001,-99.227422999900000,"19.360609915,-99.2274229999"
247.0,TLAHUAC,MIXQUIC,178,102.0,19.223875915499999,-98.961815999999999,"19.2238759155,-98.961816"
252.0,TLAHUAC,SELENE,372,112.0,19.288886915300001,-99.005972999999997,"19.2888869153,-99.005973"
243.0,MILPA ALTA,EMILIANO ZAPATA (TETELCO),373,24.0,19.209074915500000,-98.970128000000003,"19.2090749155,-98.970128"
255.0,TLAHUAC,ZAPOTITLA,374,104.0,19.312676915200001,-99.038177999900000,"19.3126769152,-99.0381779999"
253.0,TLAHUAC,TIPICO REGIONAL,1002,26.0,19.268576915400001,-99.004833000000005,"19.2685769154,-99.004833"
265.0,TLALPAN,LA PAZ,42,141.0,19.287988915200000,-99.167101999899998,"19.2879889152,-99.1671019999"
276.0,TLALPAN,VILLA COAPA,263,167.0,19.292045915199999,-99.126838000000006,"19.2920459152,-99.126838"
270.0,TLALPAN,SAN ANDRES TOTOLTEPEC,285,51.0,19.251517915400001,-99.172309999899994,"19.2515179154,-99.1723099999"
260.0,TLALPAN,FLORES SAN FERNANDO,286,76.0,19.289708915199999,-99.162254000000004,"19.2897089152,-99.162254"
271.0,TLALPAN,SAN NICOLAS TOTOLAPAN,350,32.0,19.291910915300001,-99.236400999899999,"19.2919109153,-99.2364009999"
264.0,TLALPAN,JOSE MARIA MORELOS Y PAVON,391,56.0,19.297794915200001,-99.118433999900006,"19.2977949152,-99.1184339999"
269.0,TLALPAN,PLAZA MEXICANA DEL SUR,392,79.0,19.300551915300002,-99.146041999999994,"19.3005519153,-99.146042"
262.0,TLALPAN,HUESO PERIFERICO,393,102.0,19.299541915199999,-99.102877999900002,"19.2995419152,-99.1028779999"
204.0,IZTAPALAPA,VEINTICUATRO DE FEBRERO,316,124.0,19.274642915299999,-99.225477999899994,"19.2746429153,-99.2254779999"
259.0,TLALPAN,DR. Y GRAL JOSE GONZALEZ VARELA,256,58.0,19.265317915400001,-99.169324999899999,"19.2653179154,-99.1693249999"
272.0,TLALPAN,TLALCOLIGIA,406,70.0,19.275083915400000,-99.171772000000004,"19.2750839154,-99.171772"
275.0,TLALPAN,VEINTIUNO DE ABRIL,1012,65.0,19.271218915300000,-99.223860999899998,"19.2712189153,-99.2238609999"
320.0,XOCHIMILCO,AMPLIACION SAN MARCOS,379,91.0,19.268997915400000,-99.113453000000007,"19.2689979154,-99.113453"
322.0,XOCHIMILCO,GUADALUPE I. RAMIREZ,380,25.0,19.264089915400000,-99.105376999900002,"19.2640899154,-99.1053769999"
43.0,BENITO JUAREZ,PORTALES ZONA,30,599.0,19.371725914999999,-99.143515999900004,"19.371725915,-99.1435159999"
46.0,BENITO JUAREZ,PRIMERO DE DICIEMBRE,49,244.0,19.399193915000001,-99.154620999900004,"19.399193915,-99.1546209999"
41.0,BENITO JUAREZ,MIXCOAC,76,476.0,19.372910914999999,-99.188579999900000,"19.372910915,-99.1885799999"
47.0,BENITO JUAREZ,SAN PEDRO DE LOS PINOS,97,192.0,19.391846914900000,-99.183518999900002,"19.3918469149,-99.1835189999"
37.0,BENITO JUAREZ,INDEPENDENCIA,113,226.0,19.380096914999999,-99.150259000000005,"19.380096915,-99.150259"
49.0,BENITO JUAREZ,SANTA MARIA NATIVITAS,119,97.0,19.388124914999999,-99.147308999900005,"19.388124915,-99.1473089999"
42.0,BENITO JUAREZ,PORTALES ANEXO,201,125.0,19.372744914999998,-99.144119000000003,"19.372744915,-99.144119"
93.0,CUAUHTEMOC,LAGUNILLA ROPA Y TELAS,1,1043.0,19.443167914800000,-99.136322999900003,"19.4431679148,-99.1363229999"
95.0,CUAUHTEMOC,LAGUNILLA VARIOS,3,344.0,19.441847914800000,-99.136610000000005,"19.4418479148,-99.13661"
97.0,CUAUHTEMOC,MARTINEZ DE LA TORRE (ANEXO),5,339.0,19.445469914800000,-99.145388999900007,"19.4454699148,-99.1453889999"
85.0,CUAUHTEMOC,DOS DE ABRIL,10,128.0,19.438417914799999,-99.141614999900000,"19.4384179148,-99.1416149999"
89.0,CUAUHTEMOC,INSURGENTES,13,225.0,19.424334914900001,-99.165483999900005,"19.4243349149,-99.1654839999"
114.0,CUAUHTEMOC,TEPITO FIERROS VIEJOS,23,661.0,19.447206914700001,-99.128476999900002,"19.4472069147,-99.1284769999"
111.0,CUAUHTEMOC,SAN JUAN CURIOSIDADES,86,176.0,19.430174914900000,-99.143084999899997,"19.4301749149,-99.1430849999"
87.0,CUAUHTEMOC,HIDALGO ANEXO,191,428.0,19.414702914900001,-99.145740999899999,"19.4147029149,-99.1457409999"
90.0,CUAUHTEMOC,ISABEL LA CATOLICA,96,165.0,19.407010914899999,-99.139323999900000,"19.4070109149,-99.1393239999"
108.0,CUAUHTEMOC,SAN JOAQUIN (ANEXO),110,275.0,19.461976914800001,-99.139066999899995,"19.4619769148,-99.1390669999"
86.0,CUAUHTEMOC,FRANCISCO SARABIA,114,119.0,19.457961914799998,-99.137311999900007,"19.4579619148,-99.1373119999"
105.0,CUAUHTEMOC,PAULINO  NAVARRO,216,110.0,19.412478914899999,-99.128366999899995,"19.4124789149,-99.1283669999"
216.0,MIGUEL HIDALGO,GRANADA,55,148.0,19.441819914800000,-99.192375999899994,"19.4418199148,-99.1923759999"
214.0,MIGUEL HIDALGO,DIECIOCHO DE MARZO,85,335.0,19.447242914800000,-99.194526999900006,"19.4472429148,-99.1945269999"
228.0,MIGUEL HIDALGO,ZACATITO,94,182.0,19.457970914800001,-99.207749999900003,"19.4579709148,-99.2077499999"
213.0,MIGUEL HIDALGO,ARGENTINA,95,964.0,19.452593914700000,-99.201932999899995,"19.4525939147,-99.2019329999"
215.0,MIGUEL HIDALGO,ESCANDON,99,249.0,19.402664914999999,-99.177414999899995,"19.402664915,-99.1774149999"
225.0,MIGUEL HIDALGO,SAN ISIDRO ZONA,232,51.0,19.429846914799999,-99.220767999800003,"19.4298469148,-99.2207679998"
316.0,VENUSTIANO CARRANZA,UNIDAD RASTRO,25,717.0,19.451033914800000,-99.110594999900002,"19.4510339148,-99.1105949999"
310.0,VENUSTIANO CARRANZA,PUEBLA,85,281.0,19.410296914900002,-99.082983999999996,"19.4102969149,-99.082984"
307.0,VENUSTIANO CARRANZA,PENSADOR MEXICANO,150,156.0,19.443950914799998,-99.086974999899994,"19.4439509148,-99.0869749999"
304.0,VENUSTIANO CARRANZA,MORELOS,165,912.0,19.439833914800001,-99.114755000000002,"19.4398339148,-99.114755"
285.0,VENUSTIANO CARRANZA,FEDERAL,183,103.0,19.420403914800001,-99.089383999899994,"19.4204039148,-99.0893839999"
309.0,VENUSTIANO CARRANZA,PLAN DE AYALA CARACOL,214,96.0,19.428067914800000,-99.069552000000002,"19.4280679148,-99.069552"
315.0,VENUSTIANO CARRANZA,UNIDAD KENNEDY,240,182.0,19.424667914899999,-99.108628999900006,"19.4246679149,-99.1086289999"
312.0,VENUSTIANO CARRANZA,SANTA JUANITA,278,107.0,19.444786914800002,-99.108046999899997,"19.4447869148,-99.1080469999"
292.0,VENUSTIANO CARRANZA,LUIS PRECIADO DE LA TORRE,904,132.0,19.428375914800000,-99.106112999900006,"19.4283759148,-99.1061129999"
295.0,VENUSTIANO CARRANZA,MERCED BANQUETON,109,449.0,19.426199320599999,-99.123028400099997,"19.4261993206,-99.1230284001"
244.0,TLAHUAC,LA ESTACION,411,70.0,19.309710086199999,-99.043549083399995,"19.3097100862,-99.0435490834"
165.0,GUSTAVO A. MADERO,24 DE SEPTIEMBRE,365,78.0,19.474658999999999,-99.062943000000004,"19.474659,-99.062943"
300.0,VENUSTIANO CARRANZA,MERCED PASO A DESNIVEL,103,77.0,19.425588999999999,-99.123394000000005,"19.425589,-99.123394"
301.0,VENUSTIANO CARRANZA,MERCED PASO A DESNIVEL,241,0.0,19.423711999999998,-99.123458999999997,"19.423712,-99.123459"
0.0,GUSTAVO A. MADERO,PROVIDENCIA,136,193.0,19.483972136900000,-99.070810985999998,"19.4839721369,-99.070810986"
20.0,AZCAPOTZALCO,CLAVERIA,46,98.0,19.465002914700001,-99.181151999899996,"19.4650029147,-99.1811519999"
17.0,AZCAPOTZALCO,ARENAL,125,198.0,19.466270914700001,-99.150715000000005,"19.4662709147,-99.150715"
29.0,AZCAPOTZALCO,PROHOGAR,126,641.0,19.475847914700001,-99.153558999900000,"19.4758479147,-99.1535589999"
34.0,AZCAPOTZALCO,TLATILCO,194,155.0,19.462053914799998,-99.162594999899994,"19.4620539148,-99.1625949999"
32.0,AZCAPOTZALCO,SAN JUAN TLIHUACA,224,168.0,19.492958914599999,-99.203380999900006,"19.4929589146,-99.2033809999"
24.0,AZCAPOTZALCO,LAMINADORES,250,148.0,19.480328914699999,-99.155868999899994,"19.4803289147,-99.1558689999"
27.0,AZCAPOTZALCO,PANTACO,268,41.0,19.474432914699999,-99.171228999899995,"19.4744329147,-99.1712289999"
67.0,COYOACAN,PRADO CHURUBUSCO,130,117.0,19.354097915099999,-99.125974999999997,"19.3540979151,-99.125975"
57.0,COYOACAN,CHURUBUSCO,171,157.0,19.349776915100001,-99.147061999900004,"19.3497769151,-99.1470619999"
54.0,COYOACAN,AVANTE,180,101.0,19.326162915200001,-99.134932999900002,"19.3261629152,-99.1349329999"
68.0,COYOACAN,RUIZ CORTINEZ (LA CRUZ),199,95.0,19.318723915200000,-99.151345999900002,"19.3187239152,-99.1513459999"
71.0,COYOACAN,SANTO DOMINGO LAS ROSAS,301,105.0,19.330956915200002,-99.162929999900001,"19.3309569152,-99.1629299999"
56.0,COYOACAN,CARMEN SERDAN,303,116.0,19.320346915199998,-99.106058999900000,"19.3203469152,-99.1060589999"
63.0,COYOACAN,EMILIANO ZAPATA,319,47.0,19.316412915200001,-99.109774000000002,"19.3164129152,-99.109774"
72.0,COYOACAN,SANTO DOMINGO LOS REYES,340,35.0,19.319692915200001,-99.168771999900002,"19.3196929152,-99.1687719999"
75.0,CUAJIMALPA,CUAJIMALPA,37,128.0,19.355573915000001,-99.299317999799996,"19.355573915,-99.2993179998"
168.0,GUSTAVO A. MADERO,VILLA ZONA,34,938.0,19.483863914600001,-99.115240999999997,"19.4838639146,-99.115241"
147.0,GUSTAVO A. MADERO,RIO BLANCO,53,454.0,19.461599914800001,-99.112600999899996,"19.4615999148,-99.1126009999"
129.0,GUSTAVO A. MADERO,ESTRELLA,54,124.0,19.475637914699998,-99.115836000000002,"19.4756379147,-99.115836"
163.0,GUSTAVO A. MADERO,VASCO DE QUIROGA,70,212.0,19.494563914699999,-99.094933999999995,"19.4945639147,-99.094934"
167.0,GUSTAVO A. MADERO,VILLA COMIDAS (VIEJO),81,209.0,19.484754914700002,-99.113189000000006,"19.4847549147,-99.113189"
151.0,GUSTAVO A. MADERO,SAN JUAN DE ARAGON UNIDAD I,121,193.0,19.459705914800001,-99.091750000000005,"19.4597059148,-99.09175"
166.0,GUSTAVO A. MADERO,VICENTE GUERRERO (NUEVA ATZACOALCO),123,386.0,19.501542914600002,-99.085438999999994,"19.5015429146,-99.085439"
139.0,GUSTAVO A. MADERO,MAXIMINO AVILA CAMACHO,127,130.0,19.475940914700001,-99.137876000000006,"19.4759409147,-99.137876"
149.0,GUSTAVO A. MADERO,SAN BARTOLO ATEPEHUACAN,188,159.0,19.491785914600001,-99.140613999899998,"19.4917859146,-99.1406139999"
158.0,GUSTAVO A. MADERO,SAN PEDRO ZACATENCO,189,111.0,19.505627914600002,-99.125051999899995,"19.5056279146,-99.1250519999"
137.0,GUSTAVO A. MADERO,MAGDALENA DE LAS SALINAS (NUEVA VALLEJO),193,86.0,19.485122914600002,-99.148716999900003,"19.4851229146,-99.1487169999"
152.0,GUSTAVO A. MADERO,SAN JUAN DE ARAGON UNIDAD 2,218,108.0,19.453961914800001,-99.085612999899993,"19.4539619148,-99.0856129999"
159.0,GUSTAVO A. MADERO,SANTA ISABEL TOLA,221,67.0,19.498812914599998,-99.116792000000004,"19.4988129146,-99.116792"
154.0,GUSTAVO A. MADERO,SAN JUAN DE ARAGON UNIDAD 4 Y 5,336,169.0,19.453577914699999,-99.065061999999998,"19.4535779147,-99.065062"
142.0,GUSTAVO A. MADERO,PRIMERO DE SEPTIEMBRE,354,244.0,19.466490914800001,-99.134611000000007,"19.4664909148,-99.134611"
118.0,GUSTAVO A. MADERO,ALFREDO ROBLES DOMINGUEZ,366,61.0,19.471222914700000,-99.135694999999998,"19.4712229147,-99.135695"
169.0,IZTACALCO,AGRICOLA ORIENTAL,87,344.0,19.395236915000002,-99.075277999999997,"19.395236915,-99.075278"
183.0,IZTACALCO,TLACOTAL,139,273.0,19.395474915000001,-99.102746999900006,"19.395474915,-99.1027469999"
184.0,IZTACALCO,VEINTICUATRO DE DICIEMBRE,198,203.0,19.402727914900002,-99.058516999999995,"19.4027279149,-99.058517"
182.0,IZTACALCO,SANTA ANITA,202,117.0,19.398507914900001,-99.129394999900001,"19.3985079149,-99.1293949999"
181.0,IZTACALCO,SAN MIGUEL IZTACALCO,345,90.0,19.393844914999999,-99.114336999900004,"19.393844915,-99.1143369999"
175.0,IZTACALCO,JOSE LOPEZ PORTILLO,352,352.0,19.411724914899999,-99.068347999899999,"19.4117249149,-99.0683479999"
201.0,IZTAPALAPA,SANTA MARIA AZTAHUACAN,63,106.0,19.349717915100001,-99.023268000000002,"19.3497179151,-99.023268"
187.0,IZTAPALAPA,ESCUADRON 201,131,306.0,19.362467915100002,-99.111989999900004,"19.3624679151,-99.1119899999"
198.0,IZTAPALAPA,SAN LORENZO TEZONCO,226,196.0,19.310631915199998,-99.071950000000001,"19.3106319152,-99.07195"
185.0,IZTAPALAPA,CONSTITUYENTES DE 1917,243,184.0,19.348715915100001,-99.059417999900006,"19.3487159151,-99.0594179999"
188.0,IZTAPALAPA,FRANCISCO VILLA,291,104.0,19.337332915200001,-99.058543999999998,"19.3373329152,-99.058544"
191.0,IZTAPALAPA,JACARANDAS,294,86.0,19.347084915100002,-99.051141999899997,"19.3470849151,-99.0511419999"
209.0,MAGDALENA CONTRERAS,TURISTICO MAGDALENA,170,39.0,19.302526915300000,-99.246078999900007,"19.3025269153,-99.2460789999"
206.0,MAGDALENA CONTRERAS,CONTRERAS LA CRUZ,384,96.0,19.305480915200000,-99.234565999899999,"19.3054809152,-99.2345659999"
229.0,MILPA ALTA,BENITO JUAREZ (MILPA ALTA),40,207.0,19.191482915600002,-99.021355000000000,"19.1914829156,-99.021355"
14.0,ALVARO OBREGON,SANTA MARIA NONOALCO,31,106.0,19.379711915000001,-99.193004999899998,"19.379711915,-99.1930049999"
7.0,ALVARO OBREGON,MELCHOR MUZQUIZ ZONA,43,327.0,19.343018915100000,-99.191232999899995,"19.3430189151,-99.1912329999"
241.0,TLAHUAC,CENTRAL DE TLAHUAC,41,148.0,19.268573915400001,-99.004799000000006,"19.2685739154,-99.004799"
249.0,TLAHUAC,SAN JUAN IXTAYOPAN,179,79.0,19.244009915500001,-98.995024000000001,"19.2440099155,-98.995024"
256.0,TLAHUAC,ZAPOTITLAN,192,67.0,19.294844915300001,-99.036682999999996,"19.2948449153,-99.036683"
251.0,TLAHUAC,SANTA CECILIA,248,61.0,19.278422915299998,-99.005887000000001,"19.2784229153,-99.005887"
238.0,TLAHUAC,ABRAHAM DEL LLANO (NOPALERA),252,87.0,19.296587915300002,-99.054218000000006,"19.2965879153,-99.054218"
239.0,TLAHUAC,AGRICOLA METROPOLITANA (FELIPE ASTORGA OCHOA),356,44.0,19.289802915300001,-99.052976000000001,"19.2898029153,-99.052976"
250.0,TLAHUAC,SANTA CATARINA,358,51.0,19.312904915200001,-98.966291999999996,"19.3129049152,-98.966292"
242.0,TLAHUAC,DEL MAR,359,111.0,19.287103915300001,-99.059890999999993,"19.2871039153,-99.059891"
240.0,TLAHUAC,AMPLIACION SELENE,1001,71.0,19.284873915300000,-98.995017000000004,"19.2848739153,-98.995017"
258.0,TLALPAN,COMIDAS HUIPULCO,251,23.0,19.302526915200001,-99.146460000000005,"19.3025269152,-99.14646"
266.0,TLALPAN,LAZARO CARDENAS,265,72.0,19.297739915299999,-99.138929999900000,"19.2977399153,-99.1389299999"
257.0,TLALPAN,ARTESANIAS VASCO DE QUIROGA,274,132.0,19.295283915300001,-99.184921999899998,"19.2952839153,-99.1849219999"
263.0,TLALPAN,ISIDRO FABELA,282,60.0,19.300484915199998,-99.177437999899993,"19.3004849152,-99.1774379999"
246.0,TLALPAN,MIGUEL HIDALGO,289,72.0,19.287670915300001,-99.184706999900001,"19.2876709153,-99.1847069999"
273.0,TLALPAN,TORRES DE PADIERNA,320,58.0,19.282335915299999,-99.228219444299995,"19.2823359153,-99.2282194443"
329.0,XOCHIMILCO,XOCHIMILCO ZONA (XOCHITL),44,447.0,19.262337915400000,-99.104049999899999,"19.2623379154,-99.1040499999"
327.0,XOCHIMILCO,TULYEHUALCO,146,118.0,19.254702915399999,-99.011454999999998,"19.2547029154,-99.011455"
324.0,XOCHIMILCO,SAN GREGORIO ATLAPULCO,190,136.0,19.255127915399999,-99.057456000000002,"19.2551279154,-99.057456"
328.0,XOCHIMILCO,XOCHIMILCO ANEXO,377,968.0,19.260954915399999,-99.104313000000005,"19.2609549154,-99.104313"
325.0,XOCHIMILCO,SANTA CRUZ ACALPIXCA,378,50.0,19.246075915399999,-99.075163000000003,"19.2460759154,-99.075163"
326.0,XOCHIMILCO,TIERRA NUEVA,-381,74.0,19.264012915399999,-99.116067000000001,"19.2640129154,-99.116067"
39.0,BENITO JUAREZ,LAGO,29,103.0,19.380764915000000,-99.138897999999998,"19.380764915,-99.138898"
38.0,BENITO JUAREZ,LA MODERNA,59,181.0,19.394120914999998,-99.134015000000005,"19.394120915,-99.134015"
40.0,BENITO JUAREZ,LAZARO CARDENAS(DEL VALLE),90,440.0,19.395641914900001,-99.166188999900001,"19.3956419149,-99.1661889999"
45.0,BENITO JUAREZ,POSTAL ZONA,111,247.0,19.389407915000000,-99.144283999899997,"19.389407915,-99.1442839999"
44.0,BENITO JUAREZ,POSTAL ANEXO,112,49.0,19.389152914899999,-99.143873999999997,"19.3891529149,-99.143874"
50.0,BENITO JUAREZ,TLACOQUEMECATL,122,109.0,19.377019915000002,-99.174208999900003,"19.377019915,-99.1742089999"
96.0,CUAUHTEMOC,LAGUNILLA ZONA,2,573.0,19.444027914799999,-99.134656999900002,"19.4440279148,-99.1346569999"
113.0,CUAUHTEMOC,SAN LUCAS,9,254.0,19.424943914899998,-99.131097999900007,"19.4249439149,-99.1310979999"
117.0,CUAUHTEMOC,TEPITO ZONA,14,522.0,19.446417914800001,-99.127452999900001,"19.4464179148,-99.1274529999"
81.0,CUAUHTEMOC,BEETHOVEN,17,792.0,19.459409914799998,-99.130099999899997,"19.4594099148,-99.1300999999"
102.0,CUAUHTEMOC,MORELIA,24,156.0,19.408563914900000,-99.149794999899996,"19.4085639149,-99.1497949999"
116.0,CUAUHTEMOC,TEPITO VARIOS,36,562.0,19.447123914799999,-99.127331999999996,"19.4471239148,-99.127332"
115.0,CUAUHTEMOC,TEPITO ROPA Y TELAS (granaditas),60,709.0,19.442649914800000,-99.129289999999997,"19.4426499148,-99.12929"
110.0,CUAUHTEMOC,SAN JUAN ARCOS DE BELEM,78,399.0,19.427417914799999,-99.142588000000003,"19.4274179148,-99.142588"
79.0,CUAUHTEMOC,ABELARDO L. RODRIGUEZ (CORONAS),83,151.0,19.437815914800002,-99.128291999900000,"19.4378159148,-99.1282919999"
84.0,CUAUHTEMOC,CUAUHTEMOC,98,85.0,19.429684914799999,-99.166888999899996,"19.4296849148,-99.1668889999"
100.0,CUAUHTEMOC,MERCED MIXCALCO,108,920.0,19.434380914799998,-99.125105999900001,"19.4343809148,-99.1251059999"
211.0,MIGUEL HIDALGO,ANAHUAC ANEXO,72,280.0,19.440241914800001,-99.170317999900007,"19.4402419148,-99.1703179999"
221.0,MIGUEL HIDALGO,PLUTARCO ELIAS CALLES       (EL CHORRITO),75,361.0,19.410592914900000,-99.190316999900006,"19.4105929149,-99.1903169999"
220.0,MIGUEL HIDALGO,MONTE ATHOS,79,63.0,19.419254914800000,-99.214743999899994,"19.4192549148,-99.2147439999"
218.0,MIGUEL HIDALGO,LAGO GARDA,93,319.0,19.450054914799999,-99.186031999899996,"19.4500549148,-99.1860319999"
222.0,MIGUEL HIDALGO,PRADO NORTE,172,122.0,19.427346914899999,-99.212448999900005,"19.4273469149,-99.2124489999"
223.0,MIGUEL HIDALGO,PRADO SUR,196,23.0,19.421640914899999,-99.209272999899994,"19.4216409149,-99.2092729999"
289.0,VENUSTIANO CARRANZA,JAMAICA ZONA,15,562.0,19.408583914899999,-99.122787999899998,"19.4085839149,-99.1227879999"
303.0,VENUSTIANO CARRANZA,MOCTEZUMA,21,526.0,19.432238914799999,-99.097047000000003,"19.4322389148,-99.097047"
293.0,VENUSTIANO CARRANZA,MERCED AMPUDIA,52,151.0,19.427189914900001,-99.125209999999996,"19.4271899149,-99.12521"
298.0,VENUSTIANO CARRANZA,MERCED NAVE MAYOR,102,4200.0,19.426185914900000,-99.123812999999998,"19.4261859149,-99.123813"
294.0,VENUSTIANO CARRANZA,MERCED ANEXO,106,186.0,19.424457914800001,-99.124946999900004,"19.4244579148,-99.1249469999"
313.0,VENUSTIANO CARRANZA,SONORA,107,407.0,19.422256914799998,-99.124635999999995,"19.4222569148,-99.124636"
278.0,VENUSTIANO CARRANZA,ALVARO OBREGON,140,211.0,19.411366914900000,-99.117860999900003,"19.4113669149,-99.1178609999"
318.0,VENUSTIANO CARRANZA,VEINTE DE ABRIL,174,272.0,19.427622914899999,-99.097642999900003,"19.4276229149,-99.0976429999"
277.0,VENUSTIANO CARRANZA,ADOLFO LOPEZ MATEOS,209,211.0,19.421212914900000,-99.072760000000002,"19.4212129149,-99.07276"
306.0,VENUSTIANO CARRANZA,PANTITLAN ARENAL,238,143.0,19.423501914900001,-99.065093999900000,"19.4235019149,-99.0650939999"
317.0,VENUSTIANO CARRANZA,VALLE GOMEZ,245,203.0,19.459118914699999,-99.121773999900000,"19.4591189147,-99.1217739999"
280.0,VENUSTIANO CARRANZA,ARENAL 4a SECCION,283,199.0,19.428317914800001,-99.056467999999995,"19.4283179148,-99.056468"
308.0,VENUSTIANO CARRANZA,PEÑON DE LOS BAÑOS,346,101.0,19.439611914800000,-99.084996999900000,"19.4396119148,-99.0849969999"
291.0,VENUSTIANO CARRANZA,LIC. OCTAVIO SENTIES,381,40.0,19.444884914799999,-99.107804999899997,"19.4448849148,-99.1078049999"
302.0,VENUSTIANO CARRANZA,MINILLAS,409,225.0,19.450255914800000,-99.115246999899995,"19.4502559148,-99.1152469999"
305.0,VENUSTIANO CARRANZA,NUEVO SAN LAZARO,901,78.0,19.407470914899999,-99.114828000000003,"19.4074709149,-99.114828"
283.0,VENUSTIANO CARRANZA,DEL PARQUE,903,106.0,19.416161914900002,-99.120967999900003,"19.4161619149,-99.1209679999"
83.0,CUAUHTEMOC,COLIMA,158,0.0,19.417549795799999,-99.170908510499999,"19.4175497958,-99.1709085105"
128.0,GUSTAVO A. MADERO,EMILIANO ZAPATA,57,301.0,19.463130000000000,-99.113543000000007,"19.46313,-99.113543"
18.0,AZCAPOTZALCO,AZCAPOTZALCO,35,546.0,19.482871914699999,-99.185438999900001,"19.4828719147,-99.1854389999"
33.0,AZCAPOTZALCO,SANTA LUCIA,137,150.0,19.476416914700000,-99.196398999899998,"19.4764169147,-99.1963989999"
25.0,AZCAPOTZALCO,NUEVA SANTA MARIA,143,126.0,19.464395914699999,-99.169259999900007,"19.4643959147,-99.1692599999"
22.0,AZCAPOTZALCO,JARDIN 23 DE ABRIL,227,154.0,19.482363914699999,-99.215321999899999,"19.4823639147,-99.2153219999"
23.0,AZCAPOTZALCO,JARDIN FORTUNA NACIONAL,228,71.0,19.480751914700001,-99.205177999900002,"19.4807519147,-99.2051779999"
30.0,AZCAPOTZALCO,PROVIDENCIA,247,143.0,19.491499914599999,-99.213631999900002,"19.4914999146,-99.2136319999"
28.0,AZCAPOTZALCO,PASTEROS,276,122.0,19.496203914599999,-99.197496999899997,"19.4962039146,-99.1974969999"
59.0,COYOACAN,COYOACAN,89,464.0,19.352734915100001,-99.161497999900007,"19.3527349151,-99.1614979999"
61.0,COYOACAN,EL RELOJ,155,90.0,19.318683915200001,-99.140531999900006,"19.3186839152,-99.1405319999"
73.0,COYOACAN,XOTEPINGO,157,124.0,19.338086915100000,-99.144551999900003,"19.3380869151,-99.1445519999"
52.0,COYOACAN,AJUSCO MOCTEZUMA,237,232.0,19.313026915300000,-99.162324999899994,"19.3130269153,-99.1623249999"
60.0,COYOACAN,EDUCACION PETROLERA,259,78.0,19.336302915099999,-99.131844999899997,"19.3363029151,-99.1318449999"
65.0,COYOACAN,LOS REYES COYOACAN,300,104.0,19.333525915100001,-99.157943999899999,"19.3335259151,-99.1579439999"
58.0,COYOACAN,COPILCO EL ALTO,347,68.0,19.331809915200001,-99.170684999900004,"19.3318099152,-99.1706849999"
77.0,CUAJIMALPA,ROSA TORRES,262,159.0,19.369909915000001,-99.288888999899996,"19.369909915,-99.2888889999"
148.0,GUSTAVO A. MADERO,SALVADO DIAZ MIRON,62,150.0,19.487865914600000,-99.099303000000006,"19.4878659146,-99.099303"
132.0,GUSTAVO A. MADERO,GABRIEL HERNANDEZ,69,214.0,19.501064914600001,-99.095051999899994,"19.5010649146,-99.0950519999"
119.0,GUSTAVO A. MADERO,AMPLIACION CASAS ALEMAN,116,192.0,19.476308914699999,-99.083831999899999,"19.4763089147,-99.0838319999"
138.0,GUSTAVO A. MADERO,MARTIN CARRERA,117,241.0,19.487061914700000,-99.106977000000001,"19.4870619147,-99.106977"
134.0,GUSTAVO A. MADERO,JUAN GONZALEZ ROMERO,160,201.0,19.506436914599998,-99.090048999900006,"19.5064369146,-99.0900489999"
121.0,GUSTAVO A. MADERO,BONDOJITO,161,181.0,19.465716914700000,-99.105756000000000,"19.4657169147,-99.105756"
161.0,GUSTAVO A. MADERO,SANTA ROSA,164,167.0,19.524593914600000,-99.168696999900007,"19.5245939146,-99.1686969999"
145.0,GUSTAVO A. MADERO,PUEBLO DE SAN JUAN DE ARAGON,185,64.0,19.468705914699999,-99.084210999899994,"19.4687059147,-99.0842109999"
153.0,GUSTAVO A. MADERO,SAN JUAN DE ARAGON UNIDAD 3,219,232.0,19.451799914799999,-99.071749999900007,"19.4517999148,-99.0717499999"
141.0,GUSTAVO A. MADERO,PRADERA,242,106.0,19.475677914700000,-99.067547999900000,"19.4756779147,-99.0675479999"
122.0,GUSTAVO A. MADERO,CAMPESTRE ARAGON,272,137.0,19.485921914700000,-99.078209999899997,"19.4859219147,-99.0782099999"
120.0,GUSTAVO A. MADERO,AMPLIACION GABRIEL HERNANDEZ,277,78.0,19.505860914599999,-99.099716000000001,"19.5058609146,-99.099716"
164.0,GUSTAVO A. MADERO,VEINTICINCO DE JULIO,302,249.0,19.496139914699999,-99.082619999900004,"19.4961399147,-99.0826199999"
157.0,GUSTAVO A. MADERO,SAN PEDRO EL CHICO,329,51.0,19.467876914700000,-99.095665999900007,"19.4678769147,-99.0956659999"
155.0,GUSTAVO A. MADERO,SAN JUAN DE ARAGON UNIDAD 6,339,190.0,19.466488914700001,-99.065753999999998,"19.4664889147,-99.065754"
124.0,GUSTAVO A. MADERO,CUATRO DE FEBRERO,404,120.0,19.506080914599998,-99.091100666599999,"19.5060809146,-99.0911006666"
125.0,GUSTAVO A. MADERO,CUAUTEPEC,405,74.0,19.549416914500000,-99.142907999900004,"19.5494169145,-99.1429079999"
131.0,GUSTAVO A. MADERO,FERROPLAZA,410,0.0,19.481733914700001,-99.116176999900006,"19.4817339147,-99.1161769999"
180.0,IZTACALCO,PANTITLAN CALLE 4,118,271.0,19.411156914900001,-99.062213000000000,"19.4111569149,-99.062213"
176.0,IZTACALCO,JUVENTINO ROSAS,134,208.0,19.393366914900000,-99.106074999900002,"19.3933669149,-99.1060749999"
171.0,IZTACALCO,BRAMADERO,135,278.0,19.391049914900002,-99.094739999900000,"19.3910499149,-99.0947399999"
177.0,IZTACALCO,LA CRUZ,147,249.0,19.402337914899999,-99.117364999900005,"19.4023379149,-99.1173649999"
178.0,IZTACALCO,LEANDRO VALLE,212,197.0,19.388531915000002,-99.067040999900001,"19.388531915,-99.0670409999"
172.0,IZTACALCO,EJIDOS DE LA MAGDALENA MIXHUCA,334,104.0,19.392240914999999,-99.089209999900007,"19.392240915,-99.0892099999"
202.0,IZTAPALAPA,SECTOR POPULAR,128,221.0,19.368648915000001,-99.119398000000004,"19.368648915,-99.119398"
186.0,IZTAPALAPA,CULHUACAN,186,109.0,19.337752915199999,-99.108483999900002,"19.3377529152,-99.1084839999"
197.0,IZTAPALAPA,SAN JUANICO,-191,108.0,19.373694915000002,-99.119794444400000,"19.373694915,-99.1197944444"
200.0,IZTAPALAPA,SANTA CRUZ MEYEHUALCO,200,146.0,19.346064915100001,-99.044046999900004,"19.3460649151,-99.0440469999"
199.0,IZTAPALAPA,SAN LORENZO XICOTENCATL,208,105.0,19.383375914999998,-99.027197999999999,"19.383375915,-99.027198"
189.0,IZTAPALAPA,GUADALUPE DEL MORAL,239,118.0,19.371148914999999,-99.076522999999995,"19.371148915,-99.076523"
207.0,MAGDALENA CONTRERAS,MAGDALENA CONTRERAS (LA LOMA),132,90.0,19.305449915200001,-99.239335999900007,"19.3054499152,-99.2393359999"
205.0,MAGDALENA CONTRERAS,CERRO DEL JUDIO,-383,91.0,19.318493915200001,-99.245673999900006,"19.3184939152,-99.2456739999"
231.0,MILPA ALTA,SAN ANTONIO TECOMITL,322,83.0,19.217280915500002,-98.989592999999999,"19.2172809155,-98.989593"
232.0,MILPA ALTA,SAN BARTOLOME XICOMULCO,408,0.0,19.205368200599999,-99.070129996299997,"19.2053682006,-99.0701299963"
13.0,ALVARO OBREGON,SANTA FE,162,177.0,19.381936915000001,-99.240418999900001,"19.381936915,-99.2404189999"
6.0,ALVARO OBREGON,MARIA G. GARCIA DE RUIZ,163,97.0,19.389486914999999,-99.211468999900006,"19.389486915,-99.2114689999"
3.0,ALVARO OBREGON,CRISTO REY,173,118.0,19.389942914999999,-99.202099999900000,"19.389942915,-99.2020999999"
11.0,ALVARO OBREGON,PANTEON JARDIN (FLORES),234,14.0,19.347953915100000,-99.207966999899995,"19.3479539151,-99.2079669999"
12.0,ALVARO OBREGON,PUENTE COLORADO,266,43.0,19.347163915100001,-99.231610999899999,"19.3471639151,-99.2316109999"
9.0,ALVARO OBREGON,MOLINO DE SANTO DOMINGO,369,94.0,19.394398914899998,-99.208375999899999,"19.3943989149,-99.2083759999"
4.0,ALVARO OBREGON,JALALPA EL GRANDE,413,61.0,19.368335914999999,-99.244175999899994,"19.368335915,-99.2441759999"
254.0,TLAHUAC,TLALTENCO (SAN FRANCISCO),211,117.0,19.295725915300000,-99.014865999999998,"19.2957259153,-99.014866"
245.0,TLAHUAC,LOS OLIVOS,253,94.0,19.296817915199998,-99.061708999999993,"19.2968179152,-99.061709"
246.0,TLAHUAC,MIGUEL HIDALGO,254,48.0,19.293472915300001,-99.046328000000003,"19.2934729153,-99.046328"
248.0,TLAHUAC,SAN JOSE,371,48.0,19.275872915299999,-98.996081000000004,"19.2758729153,-98.996081"
261.0,TLALPAN,FUENTES BROTANTES,267,26.0,19.284410915300001,-99.181394999899993,"19.2844109153,-99.1813949999"
268.0,TLALPAN,MIRADOR,1011,90.0,19.294963915299999,-99.226144999900001,"19.2949639153,-99.2261449999"
323.0,XOCHIMILCO,NATIVITAS,115,296.0,19.250631915400000,-99.094278999899998,"19.2506319154,-99.0942789999"
321.0,XOCHIMILCO,AMPLIACION TEPEPAN,-382,60.0,19.266354915299999,-99.133618999999996,"19.2663549153,-99.133619"
319.0,XOCHIMILCO,AHUALAPA,383,33.0,19.247118915400002,-99.070441999899998,"19.2471189154,-99.0704419999"
36.0,BENITO JUAREZ,ALAMOS,27,269.0,19.398623914900000,-99.144038999900005,"19.3986239149,-99.1440389999"
51.0,BENITO JUAREZ,VEINTICUATRO DE AGOSTO,47,265.0,19.390120915000001,-99.157565999900001,"19.390120915,-99.1575659999"
48.0,BENITO JUAREZ,SANTA CRUZ ATOYAC,175,101.0,19.370229914999999,-99.160922999899995,"19.370229915,-99.1609229999"
94.0,CUAUHTEMOC,LAGUNILLA SAN CAMILITO,4,75.0,19.441978914800000,-99.139031999899998,"19.4419789148,-99.1390319999"
107.0,CUAUHTEMOC,SAN COSME,6,533.0,19.441824914800002,-99.162254000000004,"19.4418249148,-99.162254"
98.0,CUAUHTEMOC,MARTINEZ DE LA TORRE (ZONA),7,600.0,19.445211914800002,-99.144294000000002,"19.4452119148,-99.144294"
91.0,CUAUHTEMOC,JUAREZ,8,454.0,19.426139914800000,-99.154582999900001,"19.4261399148,-99.1545829999"
80.0,CUAUHTEMOC,ABELARDO L. RODRIGUEZ (ZONA),16,246.0,19.437231914800002,-99.127951999900006,"19.4372319148,-99.1279519999"
88.0,CUAUHTEMOC,HIDALGO ZONA,18,975.0,19.413848914900001,-99.146099000000007,"19.4138489149,-99.146099"
92.0,CUAUHTEMOC,LA DALIA,19,421.0,19.452211914700001,-99.160091999900004,"19.4522119147,-99.1600919999"
99.0,CUAUHTEMOC,MELCHOR OCAMPO,20,517.0,19.410407914899999,-99.163498999900000,"19.4104079149,-99.1634989999"
109.0,CUAUHTEMOC,SAN JOAQUIN ZONA (PERALVILLO),22,477.0,19.462689914700000,-99.139323999900000,"19.4626899147,-99.1393239999"
82.0,CUAUHTEMOC,BUGAMBILIA,28,201.0,19.453569914799999,-99.152844999899997,"19.4535699148,-99.1528449999"
106.0,CUAUHTEMOC,PEQUEÑO COMERCIO,66,84.0,19.421562431400002,-99.136042115999999,"19.4215624314,-99.136042116"
103.0,CUAUHTEMOC,PALACIO DE LAS FLORES,74,133.0,19.429777914799999,-99.146058999999994,"19.4297779148,-99.146059"
112.0,CUAUHTEMOC,SAN JUAN PUGIBET,77,361.0,19.430035914800001,-99.144607999900003,"19.4300359148,-99.1446079999"
101.0,CUAUHTEMOC,MICHOACAN,153,35.0,19.411326914899998,-99.174459999899995,"19.4113269149,-99.1744599999"
212.0,MIGUEL HIDALGO,ANAHUAC ZONA,11,412.0,19.440754914799999,-99.169974999900006,"19.4407549148,-99.1699749999"
226.0,MIGUEL HIDALGO,TACUBA,32,1231.0,19.458109914800001,-99.186656999899995,"19.4581099148,-99.1866569999"
227.0,MIGUEL HIDALGO,TACUBAYA,33,512.0,19.398671915000001,-99.187193999900003,"19.398671915,-99.1871939999"
217.0,MIGUEL HIDALGO,ING. GONZALO PEÑA MANTEROLA (CARTAGENA),100,700.0,19.402815914900000,-99.188893999900003,"19.4028159149,-99.1888939999"
210.0,MIGUEL HIDALGO,AMERICA,124,307.0,19.404915914899998,-99.201983999899994,"19.4049159149,-99.2019839999"
219.0,MIGUEL HIDALGO,LAGO GASCASONICA,151,374.0,19.461432914700001,-99.191905999900001,"19.4614329147,-99.1919059999"
224.0,MIGUEL HIDALGO,SAN ISIDRO ANEXO,233,38.0,19.429720914800001,-99.221663999900002,"19.4297209148,-99.2216639999"
311.0,VENUSTIANO CARRANZA,ROMERO RUBIO,26,639.0,19.443997914800001,-99.099373000000000,"19.4439979148,-99.099373"
287.0,VENUSTIANO CARRANZA,JAMAICA COMIDAS,65,66.0,19.406722914900001,-99.122372999999996,"19.4067229149,-99.122373"
299.0,VENUSTIANO CARRANZA,MERCED NAVE MENOR,101,647.0,19.425487914800001,-99.122675999899997,"19.4254879148,-99.1226759999"
296.0,VENUSTIANO CARRANZA,MERCED COMIDAS,104,218.0,19.427299914900001,-99.122821999899998,"19.4272999149,-99.1228219999"
297.0,VENUSTIANO CARRANZA,MERCED FLORES,105,110.0,19.426066914900002,-99.125067999899997,"19.4260669149,-99.1250679999"
314.0,VENUSTIANO CARRANZA,SONORA ANEXO,-108,271.0,19.421713914800002,-99.124442999899998,"19.4217139148,-99.1244429999"
286.0,VENUSTIANO CARRANZA,IGNACIO ZARAGOZA,148,428.0,19.412540914899999,-99.091448999999997,"19.4125409149,-99.091449"
290.0,VENUSTIANO CARRANZA,JARDIN BALBUENA,159,133.0,19.415715914900002,-99.100897000000003,"19.4157159149,-99.100897"
281.0,VENUSTIANO CARRANZA,AVIACION CIVIL,187,124.0,19.414207914900000,-99.077710999999994,"19.4142079149,-99.077711"
279.0,VENUSTIANO CARRANZA,AQUILES SERDAN,197,222.0,19.447128914800000,-99.092320999999998,"19.4471289148,-99.092321"
284.0,VENUSTIANO CARRANZA,EMILIO CARRANZA,203,126.0,19.442404914800001,-99.118729999899998,"19.4424049148,-99.1187299999"
288.0,VENUSTIANO CARRANZA,JAMAICA NUEVO,235,1312.0,19.407749914899998,-99.123057000000003,"19.4077499149,-99.123057"
282.0,VENUSTIANO CARRANZA,CALZADO LA CENTRAL,264,172.0,19.450976914700000,-99.112503000000004,"19.4509769147,-99.112503"
104.0,CUAUHTEMOC,PASAJE CHAPULTEPEC,363,0.0,19.422825899599999,-99.175007601600001,"19.4228258996,-99.1750076016"
31.0,AZCAPOTZALCO,REYNOSA TAMAULIPAS,177,216.0,19.492139999999999,-99.183926999999997,"19.49214,-99.183927"
74.0,CUAJIMALPA,CONTADERO,-394,78.0,19.348248000000002,-99.300662000000003,"19.348248,-99.300662"
274.0,TLALPAN,VEINTICUATRO DE FEBRERO,394.1,53.0,19.274643000000001,-99.225477999999995,"19.274643,-99.225478"
